"TargetModule","Coverage"
"src.wallet","0.35240963855421686"
"src.walletBackup","0.10526315789473684"
"src.wallet","0.4066265060240964"
"src.wallet","0.4006024096385542"
